{
   "base": {
      "Mean number of givens": 27.189473684210522,
      "Mean number of backtracks": 4.021052631578947,
      "Mean number of initial clauses": 12015.189473684213,
      "Mean number of initial unit clauses": 27.189473684210522,
      "Mean number of initial pure literals": 0.0,
      "Mean number of simplifications": 6.789473684210528,
      "Mean number of BCP applications": 971.0,
      "Mean number of pure literal eliminations": 0.0,
      "Mean number of clauses after simplification": 3940.4129555316936,
      "Mean number of remaining unit clauses per BCP application": 484.59397324202916,
      "Std. number of clauses added or removed": 2833.4789024399056,
      "Mean number of clauses added": 414.6649767906525,
      "Mean number of clauses removed": 3335.3511750968323,
      "Std. number of unit clauses added or removed": 13.622580553379656,
      "Mean number of unit clauses added": 20.058562564628875,
      "Mean number of unit clauses removed": 4.387305171834613,
      "Mean number of splits": 5.789473684210528,
      "Mean total runtime": 1.781286986315794
   },
   "dlcs": {
      "Mean number of givens": 27.189473684210522,
      "Mean number of backtracks": 113.28421052631579,
      "Mean number of initial clauses": 12015.189473684213,
      "Mean number of initial unit clauses": 27.189473684210522,
      "Mean number of initial pure literals": 0.0,
      "Mean number of simplifications": 125.02105263157894,
      "Mean number of BCP applications": 4919.800000000001,
      "Mean number of pure literal eliminations": 0.0,
      "Mean number of clauses after simplification": 2803.9021400248994,
      "Mean number of remaining unit clauses per BCP application": 253.68441458710402,
      "Std. number of clauses added or removed": 1051.4990026804062,
      "Mean number of clauses added": 755.6895075062456,
      "Mean number of clauses removed": 1365.8803152952903,
      "Std. number of unit clauses added or removed": 17.76882442549573,
      "Mean number of unit clauses added": 14.969294740243441,
      "Mean number of unit clauses removed": 7.977756806244967,
      "Mean number of splits": 124.02105263157895,
      "Mean total runtime": 3.6318048010526276
   },
   "dlis": {
      "Mean number of givens": 27.189473684210522,
      "Mean number of backtracks": 6.210526315789474,
      "Mean number of initial clauses": 12015.189473684213,
      "Mean number of initial unit clauses": 27.189473684210522,
      "Mean number of initial pure literals": 0.0,
      "Mean number of simplifications": 8.873684210526317,
      "Mean number of BCP applications": 1118.1894736842103,
      "Mean number of pure literal eliminations": 0.0,
      "Mean number of clauses after simplification": 3866.3364043149263,
      "Mean number of remaining unit clauses per BCP application": 443.97943221265666,
      "Std. number of clauses added or removed": 2686.569969862442,
      "Mean number of clauses added": 1028.2613659207175,
      "Mean number of clauses removed": 3031.5129221975917,
      "Std. number of unit clauses added or removed": 13.652152904840394,
      "Mean number of unit clauses added": 18.76206363441655,
      "Mean number of unit clauses removed": 4.544631827047878,
      "Mean number of splits": 7.873684210526319,
      "Mean total runtime": 1.8667893894736813
   },
   "moms": {
      "Mean number of givens": 27.189473684210522,
      "Mean number of backtracks": 2.968421052631579,
      "Mean number of initial clauses": 12015.189473684213,
      "Mean number of initial unit clauses": 27.189473684210522,
      "Mean number of initial pure literals": 0.0,
      "Mean number of simplifications": 5.378947368421053,
      "Mean number of BCP applications": 915.5684210526316,
      "Mean number of pure literal eliminations": 0.0,
      "Mean number of clauses after simplification": 3998.3849079137244,
      "Mean number of remaining unit clauses per BCP application": 501.2773366731988,
      "Std. number of clauses added or removed": 2876.9033975510383,
      "Mean number of clauses added": 459.44042333491205,
      "Mean number of clauses removed": 3878.34493555636,
      "Std. number of unit clauses added or removed": 13.650597171636923,
      "Mean number of unit clauses added": 20.740095293394727,
      "Mean number of unit clauses removed": 4.300613612571926,
      "Mean number of splits": 4.378947368421053,
      "Mean total runtime": 1.763547868421052
   },
   "bohms": {
      "Mean number of givens": 27.189473684210522,
      "Mean number of backtracks": 11.29473684210526,
      "Mean number of initial clauses": 12015.189473684213,
      "Mean number of initial unit clauses": 27.189473684210522,
      "Mean number of initial pure literals": 0.0,
      "Mean number of simplifications": 14.905263157894737,
      "Mean number of BCP applications": 1327.9368421052632,
      "Mean number of pure literal eliminations": 0.0,
      "Mean number of clauses after simplification": 3522.008095489091,
      "Mean number of remaining unit clauses per BCP application": 422.4060147685276,
      "Std. number of clauses added or removed": 2314.7429965210035,
      "Mean number of clauses added": 1019.6357058480844,
      "Mean number of clauses removed": 2649.759649007805,
      "Std. number of unit clauses added or removed": 14.049605714420457,
      "Mean number of unit clauses added": 18.399918374015023,
      "Mean number of unit clauses removed": 4.89644633580167,
      "Mean number of splits": 13.905263157894737,
      "Mean total runtime": 1.9876351968421053
   }
}